('http://pastebin.com/raw.php?i=0BiCAxpg', 'sam.henry@suezenergyna.com Job Function: President & CEO City: Houston State: TX Country: USA User ID: samhenry Password: bearkat Exp Date: 8/30/2006 PIN Launch Even: 4022 annagrp@attglobal.net Job: Consultant City: Annapolis State: MD Country: USA User ID: jvezeris Password: 55289 Exp Date: 6/29/2006 Pin Launch Event: 4023 kiora@allstream.net Job Function: Strategic Planning City: Fernie State: BC Country: Canada User ID: rennert Password: taodor Exp Date: 7/7/2006 Pin Launch Event: 4024 pspinner@trellus.com Job Function: ??? City: New York State: NY Country: USA User ID: pspinner Password: skier Exp date: 7/14/2006 Pin Launch Event: 4025 rtoscan@vcu.edu Job Function: Dean City: Richmond State: VA Country: USA User ID: rtoscan Password: vcuarts Exp Date: 7/10/2006 PIN Launch Event: 4025 jim.sebesta@wgint.com Job Function: Director City: Denver State: CO Country: USA User ID: jsebesta Password: wgint Exp Date: 8/10/2006 Pin Launch Event: 4027 anne.veigel@wgint.com Job Function: VP City: Denver State: CO Country: USA User ID: aveigel Password: wgint Exp Date: 8/10/2006 Pin Launch Event: ??? jim.carrick@wgint.com Job Function: SVP City: Denver State: CO Country: USA User ID: jcarrick Password: wgint Exp Date: 8/10/2006 Pin Launch Event: ??? jaafar.hillawi@wgint.com Job Function: SVP City: Denver State: CO Country: USA User ID: jhillawi Password: wgint Exp Date: 8/10/2006 Pin Launch Event: ??? slankford@willowbridge.com Job Function: Manager City: Plainsboro State: NJ Country: USA User ID: susanl Password: jksg1234 Exp Date: 6/13/2006 Pin Launch Event: 4028 Company Title First Name * Last Name * Telephone * E-Mail * Job Function City * State Country * User ID * Password * Exp Date Rep PIN Launch Event Type API Mr. Marcus Koblitz 202-682-8024 koblitzm@api.org Research Assistant Washington DC mkoblitz changeme 9/28/2006 Jeff 4000 Bank of America Mr. Daniel F. Wheeler 617-434-7349 daniel.f.wheeler@bankofamerica.com VP Boston MA USA dfwheeler bofa 11/2/2006 Jeremy 4001 Mr. Paul V. Kennedy 617-434-7349 paul.v.kennedy@bankofamerica.com VP Boston MA USA pvkennedy bofa 11/2/2006 Jeremy Mr. Mark Linsz 617-434-7349 mark.d.linsz@bankofamerica.com VP Boston MA USA mdlinsz bofa 11/2/2006 Jeremy Mr. Tim J. Martin 617-434-7349 timothy.martin@bankofamerica.com VP Boston MA USA tmartin bofa 11/2/2006 Jeremy Mr. Craig Rosato 617-434-7349 craig.rosato@bankofamerica.com VP Boston MA USA crosato bofa 11/2/2006 Jeremy Barg Capital Mr. John Gove 602-324-7149 statarb75@gmail.com Strategic Planning Phoenix AZ USA bargc oslo 6/3/2006 Jeremy 4002 Bechtel Ms. Donna Richardson (415) 768-5145 dsrichar@bechtel.com San Francisco CA USA dsrichar bechtel 11/8/2006 Debora 4003 Mr. Peter Roche 415 768-5146 pjroche@bechtel.com pjroche perrygrew 11/8/2006 Debora Black and Veatch Mr. JP Ratajczak 913-458-2023 ratajczak@bv.com Analyst Overland Park KS USA ratajczak@bv.com ratajczak@bv.com 10/28/2006 Debora 4004 Brian Stableford Mr. Brian Stableford 415-559-8728 brian@stableford.com San Francisco CA USA bstableford bstableford 6/30/2006 Debora 4005 Charles Richardson Mr. Charles Richardson (505) 845-9601 cbricha@sandia.gov Engineering Albuquerque NM USA cbricha wes7web9 7/19/2006 Debora 4006 Convergys Mr. Thomas Wilson (513) 723-7372 thomas.g.wilson@convergys.com Cincinnati OH USA twilson changeme 9/21/2006 Debora 4007 Duke Energy Mr. Mike Mobley 704-382-6374 memobley@duke-energy.com VP Charlotte NC USA memobley2 strat4 7/18/2006 Jeremy 4008 Mr. Tom Bowman 704-382-6374 tlbowman@duke-energy.com VP Charlotte NC USA tlbowman strat4 7/18/2006 Jeremy 4009 Finnvera Mr. Markku Olli 011-358-0-204-607-297 markku.olli@finnvera.fi Manager Helsinki n/a Finland molli finn1 10/13/2006 Jeremy 4010 Ms. Anja Pakkala 011-358-0-204-607-297 anja.pakkala@finnvera.fi Manager Helsinki n/a Finland anjav finn2 10/13/2006 Jeremy Ms. Liisa Tolvanen 011-358-0-204-607-297 liisa.tolvanen@finnvera.fi Manager Helsinki n/a Finland liisat finn3 10/13/2006 Jeremy Foreign Military Studies Office Mr. Geoffrey Demarest 913-684-5965 demaresg@leavenworth.army.mil Analyst Fort Leavenworth KS USA gdemarest changeme 8/21/2006 Debora 4011 Georgetown University Mr. Dave Morrell 202-687-7014 dfm24@georgetown.edu VP University Security Washington DC USA dmorrell changeme 8/4/2006 Susan H 4012 Mr. Bill Barker 202-687-7015 wbarker@qs.org.qa n/a n/a n/a n/a wbarker changeme 8/4/2006 Susan H Mr. James Reardon 202-687-7014 reardonj@georgetown.edu Security Manager Washington DC USA jreardon changeme 8/4/2006 Susan H Mr. Junie Nathani 202-687-7014 rn44@georgetown.edu Program Manager Washington DC USA jnathani changeme 8/4/2006 Susan H Guy Molinari Mr. Guy Molinari (212) 847-8772 gasmoli@aol.com Personal Interest Upper Saddle River NJ USA guymo unrandom 11/14/2006 Debora 4013 HQMC - Security Division (PS) Mr. William Gresham (703) 692-4237 greshamwfp@hqmc.usmc.mil LtCol Washington DC USA hqmc1 stratfor 12/31/2006 Debora 4014 International Mission Board Mr. Scott Holste 804-219-1529 sholste@imb.org Security Richmond VA USA holste imb 6/15/2006 Jeremy 4015 ITT Aerospace & Communication Mr. Willis Brown 260-451-6155 willis.brown@itt.com Business Development Fort Wayne IN USA twister jetset 11/2/2006 Jeremy 4016 Mr. Skip Bishop 260-451-6155 skip.bishop@itt.com Business Development Fort Wayne IN USA bishops strat4 11/2/2006 Jeremy Mr. John Noble 260-451-6155 john.noble@itt.com Business Development Fort Wayne IN USA noblej strat4 11/2/2006 Jeremy Mr. Keith Nettleton 260-451-6155 keith.nettleton@itt.com Business Development Fort Wayne IN USA knettle strat4 11/2/2006 Jeremy Mr. Robert Brinson 260-451-6155 robert.brinson@itt.com Business Development Fort Wayne IN USA brinsonr strat4 11/2/2006 Jeremy Mr. Joe Gallagher 260-451-6155 joe.gallagher@itt.com Business Development Fort Wayne IN USA jgalla strat4 11/2/2006 Jeremy Mr. Jody Woenker 260-451-6155 jody.woenker@itt.com Business Development Fort Wayne IN USA jodyw strat4 11/2/2006 Jeremy Mr. Nelson Medina 260-451-6155 nelson.medina@itt.com Business Development Fort Wayne IN USA nmedina strat4 11/2/2006 Jeremy Mr. Nader ElDajani 260-451-6155 nader.eldajani@itt.com Business Development Fort Wayne IN USA neldajani strat4 11/2/2006 Jeremy Kimberly-Clark Corporation Mr. Jim Montgomery jmontgom@kcc.com jmontgomery stratfor 2/2/2007 Jeff Comp Mr. Bob Longhorn longhorn@kcc.com blonghorn stratfor 2/2/2007 Jeff Comp Knights of Columbus Mr. Michael Zuccarreli 2037524481 michael.zuccarelli@kofc.org Operations New Haven CT USA mzucca knights 6/14/2006 Debora 4017 Lucent Technologies Mr. James Taylor 908-582-7713 jtaylor02@lucent.com Security Murray Hill NJ USA jtaylor02 5424 11/2/2006 Jeremy 4018 Ms. Marilou Burce 908-582-7713 marilouburce@lucent.com Security Murray Hill NJ USA mburce ABC123 11/2/2006 Jeremy Mr. George Gilcrest 908-582-7713 gilcrest@lucent.com Security Murray Hill NJ USA ggilcrest lucent 11/2/2006 Jeremy Mr. Kevin Kennedy 908-582-7713 kpkennedy@lucent.com Security Murray Hill NJ USA kpkennedy ABC123 11/2/2006 Jeremy 4019 Mr. Guillermo Garcia 908-582-7713 sgugarcia@lucent.com Security Murray Hill NJ USA sgugarcia lucent 11/2/2006 Jeremy Mr. Barry Heath 908-582-7713 barryheath@lucent.com Security Murray Hill NJ USA barryheath lucent 11/2/2006 Jeremy Mr. Stanley Chu 908-582-7713 stchu@lucent.com Security Murray Hill NJ USA stchu lucent 11/2/2006 Jeremy Mr. Paul Midura 908-582-7713 midura@lucent.com Security Murray Hill NJ USA midura lucent 11/2/2006 Jeremy Mohamad Ramadan Mr. Mohamad Ramadan 011-9611328700 samouel2006@yahoo.co.nz Individual BEIRUT n/a Lebanon ramadan2006 alfa2005 10/10/2006 Jeremy 4020 Payden & Rygel Mr. Chris Orndorff 213-830-4301 corndorff@payden-rygel.com Managing Principal Los Angeles CA USA payden secure 11/2/2006 Jeremy 4021 SUEZ Energy Marketing NA Mr. Sam Henry (713) 636-1908 sam.henry@suezenergyna.com President & CEO Houston TX USA samhenry bearkat 8/30/2006 Debora 4022 The Annapolis Group Mr. John Vezeris 410-544-5940 annagrp@attglobal.net Consultant Annapolis MD USA jvezeris 55289 6/29/2006 Jeremy 4023 Theodore Renner Mr. Theodore Renner 250-423-0343 kiora@allstream.net Strategic Planning Fernie BC Canada rennert taodor 7/7/2006 Jeremy 4024 Trellus Capital Mr. Peter Spinner 212-389-8785 pspinner@trellus.com New York NY USA pspinner skier 7/14/2006 Debora 4025 Virginia Commonwealth University Mr. Richard Toscan 804-828-2787 rtoscan@vcu.edu Dean Richmond VA USA rtoscan vcuarts 7/10/2006 Susan H 4026 Washington Group International Mr. Jim Sebesta 303-843-2469 jim.sebesta@wgint.com Director Denver CO USA jsebesta wgint 8/10/2006 Jeremy 4027 Ms. Anne Veigel 208-386-6757 anne.veigel@wgint.com VP Denver CO USA aveigel wgint 8/10/2006 Jeremy Mr. Jim Carrick 011-44-020-7908-4900 jim.carrick@wgint.com SVP Denver CO USA jcarrick wgint 8/10/2006 Jeremy Mr. Jaafar Hillawi 011-966-3-881-1318 jaafar.hillawi@wgint.com SVP Denver CO USA jhillawi wgint 8/10/2006 Jeremy Willowbridge Associates Ms. Susan Lankford 609-936-8015 slankford@willowbridge.com Manager Plainsboro NJ USA susanl jksg1234 6/13/2006 Jeremy 4028 Independent Mr. Charles M."Skip Brennan (407) 679-8471 charskip@earthlink.net Longwood FL USA charskip8 arskip ??? Individual Stratfor - Internal List Mr. Les Janka janka@stratfor.com LesJanka1 outback2 Ms. Susan Hebble hebble@stratfor.com shebble hebble31 Ms. Debora Henson henson@stratfor.com dhenson changeme Mr. Jeremy Wilcox wilcox@stratfor.com novatian gitomer_rules', '', datetime.datetime(2013, 7, 12, 18, 37, 9))
enver CO USA jcarrick wgint 8/10/2006 JeremyMr. Jaafar Hillawi 011-966-3-881-1318 jaafar.hillawi@wgint.com SVP Denver CO USA jhillawi wgint 8/10/2006 JeremyWillowbridge Associates Ms. Susan Lankford 609-936-8015 slankford@willowbridge.com Manager Plainsboro NJ USA susanl jksg1234 6/13/2006 Jeremy 4028Independent Mr. Charles M."Skip Brennan (407) 679-8471 charskip@earthlink.net Longwood FL USA charskip8 arskip ??? IndividualStratfor - Internal List Mr. Les Janka janka@stratfor.com LesJanka1 outback2Ms. Susan Hebble hebble@stratfor.com shebble hebble31Ms. Debora Henson henson@stratfor.com dhenson changemeMr. Jeremy Wilcox wilcox@stratfor.com novatian gitomer_rules', '', datetime.datetime(2013, 7, 12, 18, 37, 13))
